Well_ID,Wp_ID.x,lat,lon,As_Result,Depth.2000,X2000,Y2000,Depth_2000,Installation_2000,As_GFAA_2000,As_MS_2000,As2014,As2015,As2015
14,690F,23.78815,90.65211,500,60,260687.8,2632729,60,1994,313,290.71,248.934,274.2,274.2
23,662F,23.78884,90.65176,200,45,260655.5,2632837,45,1999,143,172.41,112.372,NA,
83,691K,23.78498876,90.64541769,100,60,260122,2632428,60,1999,57,64.56,44.621,70.4,70.4
84,695K,23.78483092,90.64512567,25,60,260066.2,2632346,60,1995,33,42.47,17.388,23.6,23.6
101,1249H,23.78199994,90.60063662,500,55,255507,2632169,55,1996,355,410.98,308.879,NA,
107,1266H,23.78142184,90.60014938,500,45,255462.8,2632074,45,1996,285,305.95,243.995,247.2,247.2
110,1477H,23.78720158,90.60530542,50,85,255916.7,2632683,85,1995,25,33.28,19.369,16.3,16.3
112,1343H,23.78706411,90.60562628,200,45,256057.7,2632777,45,1996,218,215.44,111.783,101.2,101.2
130,1830L,23.78358,90.62753,50,40,258145.6,2632228,40,1998,21,22.46,26.983,8.1,8.1
153,1850L,23.78465,90.62727,0,47,258283,2632422,47,1998,5,6.83,1.168,1.2,1.2
156,1843L,23.78494,90.62724,50,47,258263.8,2632387,47,1990,28,25.55,19.464,16.9,16.9
166,1872L,23.78415,90.62596,100,42,258082.4,2632316,42,1990,5,6.85,31.687,22.5,22.5
173,1879L,23.784,90.62541,25,45,258055,2632300,45,1996,11,10.74,21.741,40.9,40.9
176,1887L,23.78377,90.62525,50,46,258040,2632317,46,1998,31,33.99,40.084,26.2,26.2
214,1706L,23.78096159,90.62358057,200,47,257832.4,2631997,47,1997,24,26.3,30.636,31.4,31.4
233,1910L,23.78259,90.62307,100,46,257743.2,2632154,46,1996,52,51.77,74.33,72.3,72.3
237,1920L,23.78245,90.62288,100,45,257778.7,2632142,45,1988,88,85.67,73.886,NA,
275,1946L,23.78542,90.62566,100,80,258075.5,2632510,80,1970,111,111.31,101.428,103.1,103.1
279,2016L,23.78631536,90.62358141,500,60,257852.8,2632608,60,1990,351,319.71,299.532,274.1,274.1
280,2019L,23.78617756,90.62340489,500,55,257801.3,2632580,55,1995,369,360.46,235.147,275.8,275.8
283,2025L,23.78604094,90.62329701,300,55,257820.9,2632533,55,1999,365,360.05,256.607,261.1,261.1
287,2031L,23.78607329,90.62249076,200,70,257729.5,2632553,70,1999,380,393.05,276.178,112.9,112.9
292,2043L,23.78584757,90.62192003,200,55,257657.7,2632623,55,1995,207,196.98,164.874,166.4,166.4
330,3053E,23.78123148,90.62345853,50,40,257872.1,2632034,40,1992,29,31.67,30.212,26.2,26.2
333,3078E,23.78057744,90.61985901,10,45,257474.3,2632027,45,1993,17,17.77,4.403,10.1,10.1
342,3093E,23.78044685,90.61876559,100,55,257386.9,2631983,55,1997,48,47.55,47.731,47.7,47.7
374,1507E,23.77629756,90.6167199,200,55,257119.6,2631546,55,1990,125,120.69,156.966,138.1,138.1
398,1646L,23.77533339,90.62027047,100,40,257492,2631357,40,1998,35,31.65,9.155,NA,
403,1561E,23.77405884,90.61983629,100,75,257389.9,2631247,75,1998,56,53.54,54.648,56.5,56.5
418,139L,23.76966,90.61994,300,70,257461.7,2630666,70,1995,184,181.56,184.948,191.5,191.5
434,651E,23.76495,90.61727,50,40,257174.2,2630245,40,1993,42,42.75,24.966,NA,
478,575E,23.76446,90.61266,100,40,256676.4,2630157,40,1997,67,64.46,67.882,NA,
481,263E,23.7633,90.61164,500,88,256563.5,2630013,88,1999,350,346.31,305.724,297.7,297.7
493,281E,23.76278,90.61085,100,60,256525.1,2630056,60,1995,158,133.84,64.664,NA,
500,289E,23.76321,90.61032,200,45,256506.8,2630079,45,1987,97,100.36,86.59,94,94
510,236E,23.76243,90.6107,50,75,256422.3,2630008,75,1990,21,23.65,33.746,25.9,25.9
512,234E,23.76209,90.61073,200,60,256461.5,2629913,60,1987,NA,87.08,95.644,90.4,90.4
521,305E,23.76271,90.6095,100,45,256355.4,2629972,45,1994,117,104.4,41.401,35.7,35.7
522,573E,23.76306,90.61311,100,40,256673.4,2629982,40,1998,83,71.9,44.688,51.4,51.4
575,894H,23.79666986,90.60900863,500,60,256387,2633761,60,1992,153,161.28,117.822,106.3,106.3
577,661C,23.79668,90.61081,10,85,256558.6,2633766,85,1996,5,0.16,0.148,0.1,0.1
834,1263K,23.7825409,90.63786459,300,45,259300.1,2632161,45,1960,112,122.43,85.263,107.6,107.6
836,1272K,23.78270125,90.63736637,300,45,259271.7,2632187,45,1999,53,79.05,103.42,92.5,92.5
837,1269K,23.78265414,90.63734944,300,45,259276.7,2632185,45,1987,58,62.56,74.682,78.6,78.6
840,1281K,23.78269991,90.63670043,500,45,259199.8,2632159,45,1991,149,152.16,114.4,106.9,106.9
896,1196L,23.77972014,90.64101451,200,45,259589.7,2631794,45,1977,138,121.64,144.352,116.3,116.3
944,1253K,23.78137959,90.63873329,500,75,259337.7,2632072,75,1998,317,302.54,281.995,280.8,280.8
979,1057L,23.78051139,90.63570231,300,45,259009.4,2631952,45,1998,326,305.37,220.033,298.5,298.5
993,1315L,23.7809838,90.63306268,200,45,258804.3,2631985,45,1999,178,177.95,257.405,255.3,255.3
1005,1019L,23.77945687,90.63298423,200,50,258801.7,2631824,50,1996,124,131.97,148.997,154.1,154.1
1008,2114L,23.7848155,90.6149825,100,45,256905.4,2632456,45,1995,38,40.01,38.028,30.2,30.2
1020,2103L,23.78467779,90.61577836,100,45,256999.5,2632497,45,1999,30,36.54,33.198,34.9,34.9
1023,2111L,23.78443161,90.61570116,100,40,257035.9,2632437,40,1995,32,37.31,33.447,30.3,30.3
1027,2117L,23.78409072,90.61539724,100,45,257043.6,2632391,45,1990,64,59.64,52.051,43.1,43.1
1032,2145L,23.78394102,90.61415244,100,32,256918.9,2632351,32,1992,90,71.71,92.348,102.2,102.2
1072,3201E,23.78124959,90.61767611,100,45,257196.7,2632095,45,1998,147,150.9,55.745,55.7,55.7
1073,3198E,23.78138797,90.61789907,100,45,257244.4,2632098,45,1995,73,79.68,57.838,69.9,69.9
1076,3190E,23.78165125,90.61848345,25,45,257311.6,2632050,45,1998,15,18.28,14.164,16.1,16.1
1096,3141E,23.77816832,90.61780712,200,45,257279.8,2631678,45,1995,116,123.11,154.694,37,37
1106,3165E,23.7778348,90.61805589,25,45,257343.5,2631727,45,1997,23,32.96,27.227,23.9,23.9
1109,3167E,23.77782374,90.61835445,100,30,257361.5,2631586,30,1960,51,66.4,56.128,44.9,44.9
1110,3170E,23.77800873,90.61845772,50,45,257399.8,2631742,45,1996,28,38.04,26.956,29.5,29.5
1115,3181E,23.77783405,90.61902576,100,45,257434.4,2631673,45,2000,153,159.23,93.654,NA,
1118,3130E,23.7784528,90.61910103,300,60,257387.6,2631718,60,1997,384,396.36,86.074,NA,
1130,1330E,23.77683249,90.6151617,0,30,256928.6,2631614,30,1995,5,2.26,2.043,2,2
1133,1328E,23.77683207,90.61479575,0,30,256859.2,2631524,30,1997,5,1.97,1.082,3.3,3.3
1143,3124E,23.77873552,90.61928677,100,45,257378.2,2631765,45,1989,24,31.77,42.488,30,30
1161,3111E,23.77910156,90.61577719,25,45,257068.4,2631840,45,1999,21,30.56,19.551,17.5,17.5
1165,1383E,23.77633268,90.6154347,0,45,257038.6,2631482,45,1997,5,1.33,0.146,NA,
1168,1384E,23.77623495,90.61514905,0,45,257030.7,2631518,45,1992,5,1.11,0.491,0.6,0.6
1231,1255E,23.77669821,90.6117952,25,45,256655.4,2631533,45,1990,15,14.69,8.574,8.3,8.3
1245,1264E,23.77589087,90.61223852,0,35,256748.3,2631502,35,1999,5,0.6,8.774,0.1,0.1
1343,1054E,23.77267012,90.60428325,10,45,255847.7,2631109,45,1997,5,3.9,7.898,NA,
1378,1014E,23.77145659,90.60320182,25,60,255741.7,2630974,60,1992,27,41.33,21.928,NA,
1390,984E,23.77011616,90.60235323,25,45,255642.7,2630850,45,1995,27,35.94,29.801,29.4,29.4
1406,1288E,23.77742107,90.61204464,0,30,256645,2631626,30,2000,5,0.76,0.257,3.8,3.8
1410,1296E,23.7776799,90.61230406,100,45,256662.5,2631655,45,1993,82,78.91,83.432,79.4,79.4
1418,726E,23.76874,90.60286,0,60,255696.3,2630698,60,1999,8,13.9,3.232,5.2,5.2
1429,705E,23.76761,90.6031,50,40,255695.9,2630574,40,1996,26,27.13,44.019,30.4,30.4
1434,697E,23.76652,90.60383,25,45,255793.7,2630430,45,1996,11,27.04,6.23,5.3,5.3
1450,1521K,23.80480634,90.63740208,100,45,259288.5,2634629,45,1994,95,76.42,62.397,59.9,59.9
1465,1500K,23.80430242,90.63639021,0,45,259175.1,2634553,45,1994,5,2.44,4.446,5.1,5.1
1493,315H,23.79942,90.6218,100,60,257690.2,2634059,60,1994,44,45.02,39.868,38.3,38.3
1504,306H,23.79968,90.62332,50,65,257843.3,2634069,65,1992,17,21.24,17.712,17.3,17.3
1513,290H,23.79827,90.62539,25,45,258049.6,2633909,45,1999,14,26.04,23.88,23.2,23.2
1542,228H,23.79613,90.62939,50,45,258458.5,2633667,45,1996,27,39.95,38.201,34.5,34.5
1546,192H,23.79678,90.62991,50,30,258517.6,2633742,30,1998,48,64.13,41.776,31.1,31.1
1583,1302K,23.78204696,90.63678416,500,45,259190.2,2632097,45,2000,237,240.27,251.56,239.1,239.1
1587,1407L,23.7798333,90.62999382,200,45,258489.8,2631877,45,1990,140,125.47,122.324,92.2,92.2
1606,2894L,23.78923369,90.63328858,300,45,258897.4,2632879,45,1988,286,250.05,148.844,NA,
1646,2694L,23.78904107,90.6370409,300,75,259154.6,2632913,75,1997,212,157.44,216.577,238.6,238.6
1651,2680L,23.78894979,90.637576,100,60,259260.9,2632867,60,1994,29,37.55,33.518,NA,
1699,1499L,23.78384924,90.6299628,300,52,258418.8,2632307,52,2000,160,173.9,184.938,179.2,179.2
1716,1461L,23.78330919,90.62943332,25,95,258468.1,2632304,95,1985,15,12.43,14.967,40.1,40.1
1731,1437L,23.78273218,90.63068382,0,55,258530.4,2632168,55,1998,5,0.68,0.369,5.4,5.4
1741,1421L,23.78198275,90.63055683,25,45,258545.3,2632144,45,1990,11,11.37,14.086,11.3,11.3
1762,1413L,23.78054006,90.63117499,100,37,258604.5,2631925,37,1995,43,40.05,98.689,93.5,93.5
1764,1371L,23.78188997,90.63102387,200,45,258612.5,2632099,45,2000,128,129.4,143.584,99.9,99.9
1766,1367L,23.78191955,90.6314526,200,45,258665,2632089,45,1993,201,210.62,209.246,NA,
1768,1369L,23.78204813,90.63140156,300,60,258702.4,2632193,60,1995,229,208.25,196.894,NA,
1775,1350L,23.78188225,90.63186684,300,45,258644.7,2632098,45,1988,242,223.32,241.98,288.6,288.6
1809,1034L,23.77919359,90.63367909,200,45,258860.7,2631799,45,1992,194,162.51,228.947,225.9,225.9
1836,917L,23.77611207,90.63258374,200,60,258761.6,2631559,60,1993,254,274.64,182.194,116.1,116.1
1837,920L,23.77633377,90.63273244,100,45,258690.8,2631501,45,1993,106,109.47,116.811,172.2,172.2
1857,883L,23.77474548,90.63669163,200,75,259132.6,2631287,75,1990,211,202.68,184.108,166.3,166.3
1872,934L,23.77483584,90.63109721,300,85,258659,2631322,85,1985,605,649.49,473.343,425.4,425.4
1912,316L,23.77227,90.63001,100,90,258452,2631038,90,1999,132,129.55,135.891,123.5,123.5
1915,313L,23.77225,90.62941,100,30,258458.1,2630997,30,1999,71,63.92,90.019,103.6,103.6
1991,244L,23.77004,90.62836,100,45,258233.6,2630779,45,1993,61,58.69,56.933,59.6,59.6
1996,230L,23.77055,90.62816,25,35,258252.8,2630816,35,1996,34,31.62,34.262,43.3,43.3
2009,357L,23.76829,90.62899,100,45,258330.7,2630591,45,1997,115,112.68,96.205,108.2,108.2
2026,407L,23.76606,90.62689,25,45,258224.4,2630334,45,1994,26,25.97,20.05,18.3,18.3
2027,406L,23.76625,90.62721,25,40,258181.1,2630387,40,1998,17,16.37,12.229,13.5,13.5
2038,432L,23.76853,90.62676,100,45,258119,2630633,45,1997,69,70.95,32.721,29.7,29.7
2042,155L,23.76917,90.62616,300,75,258099.3,2630680,75,1997,189,183.15,169.506,205.7,205.7
2055,019L,23.76945,90.6234,25,60,257841.7,2630728,60,1997,11,10.78,0.087,NA,
2062,039L,23.76906,90.62257,25,30,257680.8,2630652,30,1994,19,17.28,29.6,24,24
2073,065L,23.76833,90.62159,100,45,257627.1,2630593,45,1994,143,133.06,87.288,108.5,108.5
2092,074L,23.76715,90.62209,0,45,257657.8,2630401,45,1992,5,0.63,0.66,0.9,0.9
2104,097L,23.76832,90.62062,200,60,257545.5,2630593,60,1996,146,134.11,107.172,115.2,115.2
2108,089L,23.76934,90.62041,300,45,257477.6,2630701,45,1999,118,100.73,172.069,193.9,193.9
2141,1575L,23.77295075,90.62528386,50,60,258098.3,2631130,60,1997,40,32.53,12.368,NA,
2164,151E,23.75591,90.61468,300,60,256862.1,2629271,60,1996,118,118.96,104.847,107.1,107.1
2178,172E,23.75684,90.61378,50,60,256768.5,2629369,60,1988,43,40.49,6.478,15.3,15.3
2179,171E,23.75708,90.61375,25,60,256778.5,2629356,60,1998,19,16.41,26.657,31.7,31.7
2198,198E,23.75918,90.61261,100,60,256729.3,2629560,60,1994,74,67.3,42.708,43.1,43.1
2205,214E,23.76033,90.61223,25,45,256640.4,2629735,45,1985,29,23.91,15.807,7.3,7.3
2229,029E,23.75601,90.61145,200,45,256543.8,2629247,45,1996,156,160.47,91.5,99.3,99.3
2237,144E,23.75602,90.6131,100,75,256707.2,2629259,75,1998,49,55.73,33.884,35.1,35.1
2270,053E,23.75677,90.60996,200,45,256414.6,2629345,45,1994,109,97.01,61.424,66,66
2285,046E,23.75619,90.61044,200,45,256459.4,2629280,45,1990,113,103.46,67.457,65.9,65.9
2303,1381K,23.79890095,90.63473588,100,45,259024.3,2633968,45,1996,42,41.11,41.138,50.5,50.5
2310,1401K,23.79975901,90.63462918,100,37,259005.5,2634065,37,1999,53,53.59,91.82,78.3,78.3
2312,1403K,23.79995096,90.6347477,100,45,259005.9,2634089,45,1992,70,73.02,32.329,NA,
2313,1405K,23.80030015,90.63491148,100,45,259027,2634129,45,1998,62,61.04,54.4,36.3,36.3
2320,1414K,23.80086827,90.63520174,300,45,259053.6,2634195,45,1998,93,92.03,107.991,114.4,114.4
2347,1360K,23.79740411,90.63394873,100,50,258924.8,2633811,50,1994,52,50.73,39.008,39.6,39.6
2353,1369K,23.79816343,90.63419105,50,45,258951.5,2633884,45,1994,34,33.93,31.858,29.9,29.9
2368,2827E,23.76163702,90.62581644,25,45,258031.5,2629878,45,1993,28,27.35,18.413,NA,
2369,2829E,23.76172227,90.62629865,50,45,258077.3,2629875,45,1998,48,44.3,29.912,38.3,38.3
2383,2794E,23.76058493,90.62669059,0,45,258102.4,2629743,45,1998,5,3.81,0.557,1.4,1.4
2390,2779E,23.76077997,90.62688514,25,45,258141.7,2629757,45,1996,21,20.85,13.298,14.2,14.2
2574,3153L,23.78698524,90.62151225,500,45,257647.8,2632645,45,1999,285,289.66,439.69,237.4,237.4
2617,3104L,23.78767516,90.62723961,200,60,258193.7,2632769,60,1997,231,227.45,95.052,32.4,32.4
2754,2075L,23.78430915,90.61808028,100,42,257279.7,2632378,42,1997,91,90.71,98.926,69.6,69.6
2756,2076L,23.7841675,90.61821054,100,60,257256.9,2632343,60,2000,37,42.09,29.073,31,31
2763,2069L,23.78547122,90.61916457,200,45,257371.1,2632461,45,1994,100,136.68,137.769,139.5,139.5
2771,2061L,23.78567431,90.62069711,200,45,257495,2632551,45,2000,148,166.48,164.225,166.9,166.9
3146,917H,23.79780133,90.6074869,200,60,256232.8,2633893,60,1995,55,61.81,43.538,32,32
3148,913H,23.79759547,90.60746226,300,70,256230.7,2633864,70,1984,97,102.79,91.2,99,99
3237,645H,23.78899463,90.61003433,0,30,256426.9,2632904,30,2000,5,0.68,1.083,0.6,0.6
3292,576H,23.78869,90.61168,0,30,256588.9,2632938,30,1987,5,1.12,1.424,1.3,1.3
3303,547H,23.78884,90.6125,0,30,256710.7,2632908,30,1990,5,1.06,0.461,0.6,0.6
3500,2235L,23.78149124,90.61042735,300,45,256516.6,2632075,45,1970,269,350.95,283.26,262.4,262.4
3547,3278E,23.77834333,90.59873569,200,60,255266,2631791,60,1994,167,185.75,143.946,132.4,132.4
3607,2265E,23.77461892,90.59318905,500,50,254705.9,2631337,50,1994,332,389.35,422.073,434,434
3610,2261E,23.77437986,90.5933846,500,60,254820.3,2631261,60,1996,297,307,334.509,298,298
3613,2259E,23.77401643,90.59375189,100,65,254787,2631308,65,1985,129,163.11,54.246,62.1,62.1
3624,2242E,23.7739057,90.59432019,500,60,254830.9,2631285,60,1997,474,420.73,368.901,363.1,363.1
3633,2120E,23.77292,90.59239,500,75,254647.1,2631177,75,1996,334,305.41,309.923,320.3,320.3
3646,2155E,23.77327002,90.5913079,300,70,254486,2631195,70,1991,195,204.91,420.613,NA,
3652,2092E,23.77306,90.5909,200,45,254447.7,2631240,45,1998,198,188.72,269.633,NA,
3661,2136E,23.7729303,90.59335073,100,45,254777.4,2631138,45,1998,121,112.16,71.336,72.9,72.9
3666,2132E,23.77274657,90.59318997,200,55,254705.9,2631130,55,1990,195,226.95,150.253,127.4,127.4
3680,2030E,23.77126,90.59138,200,60,254576.2,2631001,60,1998,348,343.25,202.484,NA,
3700,2059E,23.77122,90.58978,100,45,254359.6,2630957,45,1997,87,89.44,45.626,NA,
3724,952E,23.76791415,90.59403663,300,75,254784.6,2630658,75,1997,130,130.21,128.708,120.2,120.2
3726,962E,23.76768717,90.59406529,100,75,254781.9,2630601,75,1999,105,110.74,119.512,105.5,105.5
3735,944E,23.76875896,90.59471891,100,45,254895.3,2630673,45,1997,81,79.41,85.377,87.2,87.2
3743,935E,23.7691286,90.59468228,100,60,254796.8,2630778,60,1992,124,104.49,61.058,67,67
3757,885E,23.76553327,90.59779088,100,60,255178.5,2630337,60,1997,86,87.58,88.134,87.5,87.5
3765,877E,23.76601607,90.59732527,200,60,255130.1,2630388,60,1997,136,126.69,144.16,113.5,113.5
3766,875E,23.76580216,90.5972453,200,60,255129.7,2630360,60,1995,114,105.7,85.806,84.4,84.4
3783,835E,23.76563855,90.59885019,50,60,255292.8,2630356,60,1993,41,38.39,43.99,NA,
3785,826E,23.76511526,90.59892956,50,60,255308.8,2630298,60,1993,38,34.33,53.827,92.6,92.6
3790,816E,23.76539203,90.59964814,100,65,255368.6,2630316,65,1998,57,59.15,86.465,87.5,87.5
3793,818E,23.76551868,90.5995525,50,65,255361.9,2630327,65,1997,43,41.97,87.096,61.7,61.7
3804,782E,23.76407,90.60203,50,45,255604.3,2630186,45,1995,32,30.05,21.256,20.7,20.7
3832,2890L,23.79117024,90.63302237,100,45,258816.7,2633135,45,1992,64,54.37,39.095,44.4,44.4
3835,2888L,23.79108483,90.63331582,50,45,258900.3,2633058,45,1994,33,26.42,22.557,15.1,15.1
3836,2884L,23.79097528,90.63347482,100,45,258877.1,2633090,45,1988,99,79.18,144.576,116.5,116.5
3839,2892L,23.79051922,90.63318347,200,45,258837.5,2633055,45,2000,72,64.64,61.271,72.1,72.1
3846,2840L,23.79062408,90.6345586,300,45,258965.1,2633066,45,1990,142,163.49,216.655,206.8,206.8
3851,2852L,23.78980994,90.63382217,300,45,258897.2,2632967,45,1999,97,86.58,172.678,154.6,154.6
3852,2856L,23.78996677,90.63406751,300,45,258914.3,2632978,45,1997,242,220.51,186.698,225.9,225.9
3853,2863L,23.78951917,90.63403138,999,60,258916.9,2632928,60,1995,748,731.67,700.89,741.9,741.9
3880,2815L,23.79032836,90.63619358,300,60,259147.7,2633008,60,1992,233,233.76,249.672,268.4,268.4
3896,2808L,23.78983878,90.63607229,200,60,259121.4,2632960,60,1990,109,134.16,150.065,151.8,151.8
3923,245C,23.80094,90.62991,10,55,258526.7,2634193,55,2000,5,8.06,8.461,4.9,4.9
3933,617C,23.8021,90.63073,10,25,258602.5,2634352,25,1995,9,1.58,4.697,4,4
3935,601C,23.80292,90.63106,10,25,258605.8,2634444,25,1990,5,11.21,10.412,9.5,9.5
3938,619C,23.80219,90.63053,10,35,258588.8,2634343,35,1991,7,1.86,4.915,3.9,3.9
3942,222C,23.80314,90.6324,25,30,258789.1,2634436,30,1994,16,18.48,13.153,NA,
3943,220C,23.80322,90.63254,25,30,258801.1,2634445,30,1994,5,6.89,10.511,10.3,10.3
3960,192C,23.80441,90.6319,25,45,258742.2,2634582,45,1989,5,5.09,5.018,5.2,5.2
3976,179C,23.80588,90.63338,25,50,258877.5,2634744,50,1998,25,5.25,2.031,3.4,3.4
3981,169C,23.80686,90.63324,50,30,258855.6,2634857,30,1999,35,24.41,22.451,22.4,22.4
3984,164C,23.8068,90.6335,0,50,258904.7,2634845,50,1995,25,2.86,1.056,1.8,1.8
3998,342C,23.8077,90.63315,10,55,258875.4,2634927,55,1988,11,11.61,10.835,10.4,10.4
4083,1330H,23.78654938,90.60416138,300,30,255920,2632672,30,1999,171,164.7,125.248,130.6,130.6
4095,1471H,23.78391218,90.60193447,300,45,255728.2,2632391,45,1999,5,2.95,255.621,85.1,85.1
4139,1393H,23.78550441,90.60353885,100,45,255816.2,2632567,45,1988,6,0.89,84.841,46.6,46.6
4168,800H,23.78685256,90.60629432,0,30,256078.2,2632681,30,1999,5,5.74,0.15,0.2,0.2
4263,3261E,23.7802161,90.61024865,200,45,256489.1,2631955,45,1992,264,272.11,182.082,78.5,78.5
4330,2579L,23.77787914,90.60609726,100,45,256057,2631728,45,1998,54,53.33,30.651,26.1,26.1
4412,2170E,23.77349264,90.59069258,500,90,254420.6,2631248,90,1996,151,158.2,506.751,539.9,539.9
4437,1846E,23.76844414,90.58525315,200,60,253900.3,2630734,60,1980,77,89.02,60.308,79.9,79.9
4448,1898E,23.76932885,90.58592638,25,60,254017,2630702,60,1999,10,9.18,17.154,14.8,14.8
4450,1900E,23.76902215,90.58605077,300,60,254006.2,2630765,60,1997,261,260.36,285.972,281.4,281.4
4452,1903E,23.76862225,90.58598539,300,60,253978,2630703,60,1992,409,284.73,234.824,241.4,241.4
4454,1825E,23.76798548,90.5854891,200,60,253928,2630563,60,1993,223,163.82,157.894,140.6,140.6
4458,1818E,23.76750771,90.58546102,200,45,253917.5,2630645,45,1995,101,99.2,108.314,95.8,95.8
4487,1789E,23.76699264,90.5843023,100,45,253826.6,2630499,45,1996,74,62.36,63.16,56.6,56.6
4500,1769E,23.76589721,90.58389092,200,45,253766,2630430,45,2000,84,83.48,100.388,99.9,99.9
4527,1705E,23.76216223,90.58565196,200,45,253947,2629980,45,1990,145,133.28,115.834,80.3,80.3
4534,1690E,23.76297637,90.58657791,200,75,254026.8,2630078,75,1990,186,162.69,141.181,NA,
4536,1684E,23.76268384,90.58683364,500,60,254056.6,2630033,60,1992,209,192.16,218.004,85.5,85.5
4546,1657E,23.76366746,90.58896348,200,60,254278.1,2630164,60,1978,119,123.86,106.949,NA,
4592,906E,23.76497436,90.59392774,300,60,254795.4,2630294,60,1996,259,223.42,182.075,176.6,176.6
4596,739E,23.76695,90.60599,100,45,256010.6,2630486,45,1997,156,132.71,66.553,52.4,52.4
4610,2968L,23.79191296,90.6307611,10,30,258573.2,2633206,30,1999,14,12.32,12.658,14.1,14.1
4800,272H,23.79606,90.62563,0,30,258069.7,2633690,30,1998,34,30.74,0.712,NA,
4854,2916E,23.7633896,90.62648498,100,45,258102.2,2630039,45,1990,32,34.08,70.846,56.7,56.7
4863,2988E,23.76501401,90.62784118,50,45,258249.6,2630212,45,1998,42,43.65,10.649,12.2,12.2
4866,2981E,23.76453934,90.6280379,300,60,258252.1,2630162,60,1985,265,274.52,246.64,226.8,226.8
4881,498L,23.7667,90.62934,100,55,258402.4,2630409,55,1999,82,91.07,70.801,55.2,55.2
4887,3019E,23.76611866,90.62805299,10,45,258234.8,2630343,45,1994,10,13.66,5.765,7.4,7.4
4888,3015E,23.76599763,90.62760824,0,30,258205.7,2630333,30,1995,5,0.13,0.28,0.6,0.6
4891,3010E,23.76569076,90.62762065,0,45,258227,2630290,45,1998,15,3.02,2.011,2.6,2.6
4960,476L,23.76626,90.63104,100,60,258569.4,2630332,60,1998,47,65.29,54.391,51.1,51.1
7001,2936L,23.79018637,90.63129963,500,65,258629.2,2633003,65,1998,351,429.27,386.828,348.3,348.3
7010,2764L,23.78991807,90.6387804,300,55,259405.7,2632994,55,1994,204,250.52,270.786,264.3,264.3
7011,2765L,23.78998269,90.63888391,300,55,259420.8,2632983,55,1996,238,280.9,258.662,243.1,243.1
7013,2772L,23.79021185,90.63843917,300,60,259364.2,2632949,60,1995,189,222.86,154.676,203.1,203.1
7015,2783L,23.78961733,90.63804983,500,60,259321.6,2632942,60,1999,275,334.51,351.206,274.7,274.7
7021,2759L,23.79076213,90.6389052,300,50,259413.8,2633070,50,1975,196,242.77,227.789,215.8,215.8
7029,779K,23.79114007,90.6402733,100,35,259550.5,2633114,35,1999,155,158.48,45.077,28.6,28.6
7040,812K,23.79119799,90.64206108,100,35,259735.4,2633094,35,1995,62,66.69,54.958,55.6,55.6
7050,830K,23.79071485,90.64239484,10,30,259761.9,2633055,30,1993,17,23.8,17.756,17.1,17.1
7058,825K,23.79093563,90.6427779,100,35,259813.2,2633074,35,1995,47,56.77,43.508,40.9,40.9
7060,836K,23.79137518,90.6430208,0,40,259837.8,2633118,40,1992,11,16.35,6.831,NA,
7061,837K,23.79146738,90.64299348,0,40,259841.5,2633138,40,1996,5,13.87,8.042,5.6,5.6
7065,854K,23.79020087,90.64330051,100,55,259861,2632985,55,1996,35,32.79,41.589,40.8,40.8
7066,853K,23.79006567,90.64305433,0,35,259835.4,2632978,35,1996,12,6,7.918,8.3,8.3
7067,855K,23.78990038,90.64333362,50,45,259872.8,2632981,45,1996,5,11.67,18.366,16.4,16.4
7094,949K,23.79077319,90.64634616,200,35,260174.7,2633048,35,1996,48,66.55,53.098,NA,
7096,1014K,23.78950023,90.64613736,100,52,260140.3,2632917,52,1997,20,37.46,59.285,69.2,69.2
7123,903K,23.79279256,90.64531409,200,30,260064.5,2633266,30,1989,51,48.03,45.406,42.4,42.4
7124,901K,23.79288568,90.64519398,100,30,260058,2633286,30,1999,35,50.17,46.224,NA,
7126,882K,23.7934585,90.64594349,25,30,260151,2633357,30,1989,5,10.96,21.693,19.1,19.1
7129,880K,23.79363217,90.64630936,500,80,260176.8,2633375,80,1996,255,262.15,267.554,264.6,264.6
7131,869K,23.7943158,90.64630735,25,40,260176.5,2633463,40,1994,32,42.39,36.376,23.4,23.4
7148,1978K,23.79457254,90.64088861,100,40,259629.8,2633491,40,1992,71,74.5,48.571,49.6,49.6
7156,1941K,23.79664,90.64381,500,45,259951.4,2633726,45,1998,192,224.28,100.652,147.8,147.8
7157,1943K,23.79647,90.64403,100,31,259956.3,2633711,31,1994,28,35.85,32.355,27.3,27.3
7161,1924K,23.79737,90.64452,100,35,259993.3,2633790,35,1994,41,52.12,47.359,54.3,54.3
7164,1933K,23.79829,90.64398,200,25,259951.2,2633912,25,1984,66,77.68,62.215,65.6,65.6
7166,1926K,23.79764,90.64381,500,30,259932.6,2633816,30,1971,163,199.25,196.231,197.6,197.6
7175,1273F,23.79547753,90.64601406,300,35,260147.8,2633580,35,1999,180,218.35,128.758,NA,
7178,1281F,23.79568901,90.64619394,300,30,260163.5,2633604,30,1999,142,166.17,147.639,142.9,142.9
7179,1282F,23.79588431,90.64632109,200,30,260184.4,2633635,30,1991,101,120.59,87.765,89.9,89.9
7180,1285F,23.7962019,90.64625354,200,36,260178.1,2633657,36,1995,102,130.25,100.86,99.8,99.8
7198,1531F,23.79966153,90.64295199,200,43,259844.6,2634045,43,1995,199,191.89,81.86,58.2,58.2
7205,396F,23.79257,90.65273,0,45,260812,2633255,45,1988,5,0.19,0.177,0.1,0.1
7227,589F,23.79122,90.65338,25,45,260873.6,2633075,45,1995,18,33.84,21.443,18.2,18.2
7260,649F,23.79044,90.6541,200,45,260959.8,2633050,45,1994,109,146.05,130.109,129.1,129.1
7296,485F,23.79242,90.65025,100,45,260573.8,2633235,45,1999,79,100.15,61.066,81.6,81.6
7309,324F,23.79384,90.65165,300,45,260731.1,2633401,45,1993,218,232.36,36.311,NA,
7325,464F,23.79212,90.65233,100,60,260785.8,2633213,60,1996,61,85.91,79.798,75,75
7341,350F,23.79449,90.65293,100,45,260826.7,2633419,45,2000,51,53.39,39.25,45.3,45.3
7345,367F,23.794,90.65197,200,45,260756.7,2633408,45,1991,180,216.76,167.122,NA,
7356,215F,23.79503,90.65163,100,45,260717.9,2633528,45,2000,47,56.54,64.366,58.7,58.7
7369,152F,23.79653,90.64977,50,45,260521.5,2633672,45,1995,20,34.08,10.233,18.5,18.5
7370,155F,23.79596,90.64979,100,45,260543.3,2633651,45,1986,19,29.72,53.375,49.5,49.5
7380,134F,23.79729,90.64905,200,45,260463.6,2633765,45,1993,108,123.02,104.775,100.4,100.4
7419,003K,23.79174,90.65866,100,45,261467.6,2633130,45,1997,70,84.83,75.785,69.1,69.1
7459,067K,23.78983,90.6591,200,60,261493.2,2632935,60,1993,65,79.23,87.102,93.6,93.6
7492,184K,23.78928,90.65866,0,45,261438,2632881,45,1999,9,3.58,1.997,2,2
7493,081K,23.78962,90.65927,50,60,261509.7,2632902,60,1993,62,65.23,53.422,50.8,50.8
7504,1357F,23.79360275,90.65808317,300,45,261384.6,2633351,45,1999,203,199.92,208.448,203.1,203.1
7508,1333F,23.79429904,90.65746031,200,45,261319.6,2633431,45,1998,111,114.83,96.886,106,106
7510,1338F,23.79455393,90.65783892,100,60,261345.5,2633457,60,1998,98,91.62,61.539,43,43
7536,1405F,23.79556026,90.65950985,200,45,261523.8,2633550,45,1998,98,105.62,65.946,61.6,61.6
7704,789F,23.78533,90.65082,100,75,260625.2,2632440,75,1996,57,57.82,63.935,70.2,70.2
7710,803F,23.7851,90.65094,25,50,260630,2632422,50,1998,23,29.89,27.73,25.3,25.3
7717,901F,23.78395468,90.65086174,100,50,260619.2,2632283,50,2000,71,75.74,52.427,58.3,58.3
7722,910F,23.78348311,90.6505185,100,67,260593,2632236,67,1997,73,95.63,56.04,52.1,52.1
7725,900F,23.78325722,90.65128343,50,60,260665.6,2632212,60,1998,35,50.82,33.535,NA,
7729,896F,23.78265825,90.65141603,200,60,260662.7,2632137,60,1996,56,60.19,1.369,NA,
7756,886F,23.78413531,90.65269344,200,60,260806.8,2632323,60,1997,45,60.91,68.557,70.5,70.5
7759,883F,23.78408049,90.65306878,25,75,260847.5,2632320,75,2001,5,12.94,26.4,30.5,30.5
7770,873F,23.78427529,90.65394075,100,50,260939.4,2632324,50,1998,53,63.49,78.977,79.7,79.7
7775,865F,23.78506017,90.65404359,50,60,260940.8,2632411,60,1995,10,20.34,28.071,25.6,25.6
7787,077F,23.79934,90.64912,100,50,260503.2,2633999,50,1998,166,158.1,150.233,143.4,143.4
7792,067F,23.7998,90.65026,0,50,260580.3,2634038,50,1994,5,1.82,4.798,4.5,4.5
7808,564L,23.77251,90.63747,50,75,259235.8,2631054,75,1994,47,61.74,43.554,39.5,39.5
7814,542L,23.77237,90.63706,25,60,259211.8,2631042,60,1996,29,42.22,15.527,7.2,7.2
7817,549L,23.77215,90.63733,10,45,259216.3,2631003,45,1991,7,10.48,5.365,131.2,131.2
7832,517L,23.773,90.63602,200,75,259098.9,2631103,75,1999,295,346.97,139.696,49.2,49.2
7835,528L,23.77253,90.63598,100,50,259098.2,2631060,50,1999,73,91.85,48.524,122.1,122.1
7867,589L,23.7733,90.64051,100,60,259541.5,2631145,60,1999,118,148.36,110.84,202.3,202.3
7868,590L,23.77352,90.64048,100,60,259546.8,2631156,60,2000,115,153.79,45.669,116.5,116.5
7886,635L,23.7729629,90.64374005,100,60,259878.9,2631091,60,2001,85,81.33,82.444,82.2,82.2
7949,2689E,23.76315331,90.62996306,200,45,258467.1,2630007,45,1997,58,71.35,56.579,57.1,57.1
7968,2655E,23.76401564,90.6305549,500,75,258511.3,2630110,75,1999,202,190.22,261.01,236.3,236.3
7973,455L,23.76689,90.63062,25,45,258523.7,2630446,45,1999,28,35.04,31.037,35.1,35.1
7979,1915K,23.79884,90.64524,100,45,260077.6,2633954,45,1999,13,21.92,17.525,20.9,20.9
7996,1298F,23.79752213,90.64689006,200,60,260239.9,2633800,60,1997,105,105.84,69.606,60.3,60.3
